filename,notes,authors,licenses,url1,url2,url3,url4,url5,url6,url7,url8,url9,url10,url11,url12,url13,url14,url15,status
body/bodies/male,see details at https://opengameart.org/content/lpc-character-bases; 'Thick' Male Revised Run/Climb by JaidynReiman (based on ElizaWy's LPC Revised),"bluecarrot16, Benjamin K. Smith (BenCreating), Evert, Eliza Wyatt (ElizaWy), TheraHedwig, MuffinElZangano, Durrani, Johannes Sj?lund (wulax), Stephen Challener (Redshrike)","CC-BY-SA 3.0, GPL 3.0",https://opengameart.org/content/liberated-pixel-cup-lpc-base-assets-sprites-map-tiles,https://opengameart.org/content/lpc-medieval-fantasy-character-sprites,https://opengameart.org/content/lpc-male-jumping-animation-by-durrani,https://opengameart.org/content/lpc-runcycle-and-diagonal-walkcycle,https://opengameart.org/content/lpc-revised-character-basics,https://opengameart.org/content/lpc-be-seated,https://opengameart.org/content/lpc-runcycle-for-male-muscular-and-pregnant-character-bases-with-modular-heads,https://opengameart.org/content/lpc-jump-expanded,https://opengameart.org/content/lpc-character-bases,,,,,,,OK
feet/boots,"original by Nila122, edited for male and v3 bases by bluecarrot16","bluecarrot16, Nila122","OGA-BY 3.0, CC-BY-SA 3.0, GPL 2.0, GPL 3.0",https://opengameart.org/content/lpc-clothes-and-hair,,,,,,,,,,,,,,,OK
hair/plain,,"Manuel Riecke (MrBeast), Joe White","CC-BY-SA 3.0, GPL 3.0",https://opengameart.org/content/liberated-pixel-cup-lpc-base-assets-sprites-map-tiles,https://opengameart.org/content/ponytail-and-plain-hairstyles,,,,,,,,,,,,,,OK
head/heads/human/male,"original head by Redshrike, tweaks by BenCreating, modular version by bluecarrot16","bluecarrot16, Benjamin K. Smith (BenCreating), Stephen Challener (Redshrike)","OGA-BY 3.0, CC-BY-SA 3.0, GPL 3.0",https://opengameart.org/content/liberated-pixel-cup-lpc-base-assets-sprites-map-tiles,https://opengameart.org/content/lpc-character-bases,,,,,,,,,,,,,,OK
legs/pants/male,"original male pants by wulax, recolors and edits to v3 base by bluecarrot16, climb/jump/run/sit/emotes/revised combat by JaidynReiman based on ElizaWy's LPC Revised","bluecarrot16, JaidynReiman, ElizaWy, Matthew Krohn (makrohn), Johannes Sjölund (wulax)","OGA-BY 3.0, GPL 3.0, CC-BY-SA 3.0",https://opengameart.org/content/liberated-pixel-cup-lpc-base-assets-sprites-map-tiles,https://opengameart.org/content/lpc-medieval-fantasy-character-sprites,https://opengameart.org/content/lpc-expanded-pants,,,,,,,,,,,,,OK
torso/chainmail,minor edits by bluecarrot16,Johannes Sjölund (wulax),"OGA-BY 3.0, CC-BY-SA 3.0, GPL 3.0",https://opengameart.org/content/lpc-medieval-fantasy-character-sprites,,,,,,,,,,,,,,,OK
weapon/sword/dagger,,"bluecarrot16, Johannes Sjölund (wulax), Matthew Krohn (makrohn)","OGA-BY 3.0, CC-BY-SA 3.0, GPL 3.0",https://opengameart.org/content/lpc-medieval-fantasy-character-sprites,https://opengameart.org/content/lpc-extended-weapon-animations,,,,,,,,,,,,,,OK
monsters,"attack animations for the LPC base-assets monsters, from the [LPC] Monsters pack; commissioned by Pierre Vigier (pvigier) for Vagabond","Charles Sanchez (CharlesGabriel), bluecarrot16","CC-BY-SA 3.0, GPL 3.0, OGA-BY 3.0",https://opengameart.org/content/lpc-monsters,https://opengameart.org/content/liberated-pixel-cup-lpc-base-assets-sprites-map-tiles,,,,,,,,,,,,,,OK
monsters/bat,the entire bat sprite is OGA-BY 3.0; animated by bluecarrot16 for the [LPC] Monsters pack,"bagzie, bluecarrot16",OGA-BY 3.0,https://opengameart.org/content/lpc-monsters,https://opengameart.org/content/bat-sprite,,,,,,,,,,,,,,OK
